{
	"selectedKey": "page2",
	"navigation": [
		{
			"title": "Assign Parking lot",
			"icon":"sap-icon://approvals",
			"key": "page2"
		},
		{
			"title": "All Parking lots",
			"icon":"sap-icon://activity-items",
			"key": "page3"
		},
        {
			"title": "Empty Lots",
			"icon":"sap-icon://check-availability",
			"key": "page4"
		},
        {
			"title": "Allocated lots",
			"icon":"sap-icon://activity-assigned-to-goal",
			"key": "page5"
		},
		{
			"title": "History",
			"icon": "sap-icon://customer-history",
			"key": "page6"
		},
		{
			"title": "Reservations",
			"icon":"sap-icon://appointment",
			"key": "page7"
		},
		{
			"title": "Reserved slots",
			"icon":"sap-icon://detail-view",
			"key": "page8"
		},
		{
			"title": "Charts",
			"icon":"sap-icon://pie-chart",
			"key": "page9"
		}
    ]
}