{
  "Component-preload.js.map": 1721208640190,
  "model/models.js": 1719295012152,
  "model/data.json": 1721020443396,
  "controller/Home.controller.js": 1719395200504,
  "controller/Dashboard.controller.js": 1721194107498,
  "controller/BaseController.js": 1720173685127,
  "controller/App.controller.js": 1719295012156,
  "manifest.json": 1721208639560,
  "Component.js": 1719295012144,
  "controller/BaseController-dbg.js": 1720173685127,
  "controller/BaseController.js.map": 1721208639809,
  "controller/Home-dbg.controller.js": 1719395200504,
  "controller/Home.controller.js.map": 1721208639808,
  "controller/Dashboard-dbg.controller.js": 1721194107498,
  "controller/Dashboard.controller.js.map": 1721208639867,
  "model/models-dbg.js": 1719295012152,
  "model/models.js.map": 1721208639796,
  "controller/App-dbg.controller.js": 1719295012156,
  "controller/App.controller.js.map": 1721208639799,
  "Component-dbg.js": 1719295012144,
  "Component.js.map": 1721208639803,
  "Component-preload.js": 1721208640190,
  "i18n/i18n.properties": 1719392998718,
  "view/Home.view.xml": 1719396513705,
  "view/Dashboard.view.xml": 1721106090409,
  "view/App.view.xml": 1719295012160,
  "css/style.css": 1721105853696,
  "Fragments/loginDialog.fragment.xml": 1719393996669,
  "Fragments/Valuehelp.fragment.xml": 1720090155818,
  "Fragments/ValueHelp.fragment.xml": 1720677797255,
  "index.html": 1719295012144
}